{
  "_fv": 39,
  "_type": "tag",
  "definition": {
    "type": "Items",
    "items": [
      {
        "value": "CUSTOM:ChargedTheFool"
      },
      {
        "value": "CUSTOM:ChargedTheMagician"
      },
      {
        "value": "CUSTOM:ChargedTheHighPriestess"
      },
      {
        "value": "CUSTOM:ChargedTheEmperor"
      },
      {
        "value": "CUSTOM:ChargedTheHierophant"
      },
      {
        "value": "CUSTOM:ChargedTheLovers"
      },
      {
        "value": "CUSTOM:ChargedTheChariot"
      },
      {
        "value": "CUSTOM:ChargedJustice"
      },
      {
        "value": "CUSTOM:ChargedTheHermit"
      },
      {
        "value": "CUSTOM:ChargedWheelOfFortune"
      },
      {
        "value": "CUSTOM:ChargedStrengh"
      },
      {
        "value": "CUSTOM:ChargedTheHangedMan"
      },
      {
        "value": "CUSTOM:ChargedDeath"
      },
      {
        "value": "CUSTOM:ChargedTemperance"
      },
      {
        "value": "CUSTOM:ChargedTheDevil"
      },
      {
        "value": "CUSTOM:ChargedTheTower"
      },
      {
        "value": "CUSTOM:ChargedTheStars"
      },
      {
        "value": "CUSTOM:ChargedTheMoon"
      },
      {
        "value": "CUSTOM:ChargedTheSun"
      },
      {
        "value": "CUSTOM:ChargedJudgement"
      },
      {
        "value": "CUSTOM:ChargedTheWorld"
      }
    ],
    "blocks": [],
    "functions": [],
    "entities": [],
    "name": "e_card",
    "namespace": "mod"
  }
}