{
  "_fv": 39,
  "_type": "block",
  "definition": {
    "texture": "texture_red_chest",
    "textureTop": "texture_chest",
    "textureLeft": "texture_chest",
    "textureFront": "texture_chest",
    "textureRight": "texture_chest",
    "textureBack": "texture_chest",
    "renderType": 2,
    "customModelName": "red_chest:default",
    "rotationMode": 1,
    "enablePitch": false,
    "emissiveRendering": false,
    "displayFluidOverlay": false,
    "itemTexture": "",
    "particleTexture": "",
    "tintType": "No tint",
    "isItemTinted": false,
    "hasTransparency": true,
    "connectedSides": false,
    "transparencyType": "SOLID",
    "disableOffset": false,
    "boundingBoxes": [
      {
        "mx": 0.0,
        "my": 0.0,
        "mz": 2.0,
        "Mx": 16.0,
        "My": 11.0,
        "Mz": 14.0,
        "subtract": false
      }
    ],
    "name": "Red Chest",
    "specialInfo": [],
    "hardness": 1.0,
    "resistance": 9999999.0,
    "hasGravity": false,
    "isWaterloggable": false,
    "creativeTab": {
      "value": "CUSTOM:Chests"
    },
    "destroyTool": "Not specified",
    "customDrop": {
      "value": ""
    },
    "dropAmount": 1,
    "useLootTableForDrops": true,
    "requiresCorrectTool": false,
    "enchantPowerBonus": 0.0,
    "plantsGrowOn": false,
    "canRedstoneConnect": false,
    "lightOpacity": 0,
    "material": {
      "value": "IRON"
    },
    "tickRate": 10,
    "tickRandomly": false,
    "isReplaceable": false,
    "canProvidePower": false,
    "emittedRedstonePower": {
      "fixedValue": 15.0
    },
    "colorOnMap": "DEFAULT",
    "creativePickItem": {
      "value": ""
    },
    "offsetType": "NONE",
    "aiPathNodeType": "DEFAULT",
    "flammability": 0,
    "fireSpreadSpeed": 0,
    "isLadder": false,
    "slipperiness": 0.6,
    "speedFactor": 1.0,
    "jumpFactor": 1.0,
    "reactionToPushing": "NORMAL",
    "isNotColidable": false,
    "isCustomSoundType": true,
    "soundOnStep": {
      "value": "WOOD"
    },
    "breakSound": {
      "value": "CUSTOM:chest_open"
    },
    "fallSound": {
      "value": "block.wood.fall"
    },
    "hitSound": {
      "value": "block.wood.hit"
    },
    "placeSound": {
      "value": "block.wood.place"
    },
    "stepSound": {
      "value": "block.wood.step"
    },
    "luminance": 0,
    "unbreakable": true,
    "breakHarvestLevel": 1,
    "isBonemealable": false,
    "hasInventory": false,
    "guiBoundTo": "<NONE>",
    "openGUIOnRightClick": false,
    "inventorySize": 9,
    "inventoryStackSize": 64,
    "inventoryDropWhenDestroyed": true,
    "inventoryComparatorPower": true,
    "inventoryOutSlotIDs": [],
    "inventoryInSlotIDs": [],
    "hasEnergyStorage": false,
    "energyInitial": 0,
    "energyCapacity": 400000,
    "energyMaxReceive": 200,
    "energyMaxExtract": 200,
    "isFluidTank": false,
    "fluidCapacity": 8000,
    "fluidRestrictions": [],
    "onRightClicked": {
      "name": "RedChestOnBlockRightClicked"
    },
    "spawnWorldTypes": [],
    "restrictionBiomes": [],
    "blocksToReplace": [],
    "generationShape": "UNIFORM",
    "frequencyPerChunks": 10,
    "frequencyOnChunk": 16,
    "minGenerateHeight": 0,
    "maxGenerateHeight": 64
  }
}