{
	"credit": "Made with Blockbench",
	"textures": {
		"0": "Imágenes/texture",
		"particle": "Imágenes/texture"
	},
	"elements": [
		{
			"from": [1, 0, 3],
			"to": [15, 11, 15],
			"faces": {
				"north": {"uv": [3, 0, 16, 8], "texture": "#0"},
				"east": {"uv": [15.5, 1.5, 16, 2], "texture": "#0"},
				"south": {"uv": [15.5, 1.5, 16, 2], "texture": "#0"},
				"west": {"uv": [15.5, 1.5, 16, 2], "texture": "#0"},
				"up": {"uv": [15.5, 1.5, 16, 2], "texture": "#0"},
				"down": {"uv": [15.5, 1.5, 16, 2], "texture": "#0"}
			}
		},
		{
			"from": [1, 19, 6],
			"to": [15, 20, 15],
			"faces": {
				"north": {"uv": [15.5, 1.5, 16, 2], "texture": "#0"},
				"east": {"uv": [15.5, 1.5, 16, 2], "texture": "#0"},
				"south": {"uv": [15.5, 1.5, 16, 2], "texture": "#0"},
				"west": {"uv": [15.5, 1.5, 16, 2], "texture": "#0"},
				"up": {"uv": [15.5, 1.5, 16, 2], "texture": "#0"},
				"down": {"uv": [15.5, 1.5, 16, 2], "texture": "#0"}
			}
		},
		{
			"from": [5, 20, 8],
			"to": [11, 24, 9],
			"faces": {
				"north": {"uv": [0, 0, 3, 3], "texture": "#0"},
				"east": {"uv": [0, 0, 0.5, 0.5], "texture": "#0"},
				"south": {"uv": [0, 0, 0.5, 0.5], "texture": "#0"},
				"west": {"uv": [0, 0, 0.5, 0.5], "texture": "#0"},
				"up": {"uv": [0, 0, 0.5, 0.5], "texture": "#0"},
				"down": {"uv": [0, 0, 0.5, 0.5], "texture": "#0"}
			}
		},
		{
			"from": [1, 11, 10],
			"to": [15, 19, 15],
			"faces": {
				"north": {"uv": [3, 8, 16, 16], "texture": "#0"},
				"east": {"uv": [15.5, 1.5, 16, 2], "texture": "#0"},
				"south": {"uv": [15.5, 1.5, 16, 2], "texture": "#0"},
				"west": {"uv": [15.5, 1.5, 16, 2], "texture": "#0"},
				"up": {"uv": [15.5, 1.5, 16, 2], "texture": "#0"},
				"down": {"uv": [15.5, 1.5, 16, 2], "texture": "#0"}
			}
		},
		{
			"from": [0, 3, 15],
			"to": [1, 13, 16],
			"rotation": {"angle": -22.5, "axis": "x", "origin": [0, 0, 0]},
			"faces": {
				"north": {"uv": [0, 3, 0.5, 3.5], "texture": "#0"},
				"east": {"uv": [0, 3, 0.5, 3.5], "texture": "#0"},
				"south": {"uv": [0, 3, 0.5, 3.5], "texture": "#0"},
				"west": {"uv": [0, 3, 0.5, 3.5], "texture": "#0"},
				"up": {"uv": [0, 3, 0.5, 3.5], "texture": "#0"},
				"down": {"uv": [0, 3, 0.5, 3.5], "texture": "#0"}
			}
		},
		{
			"from": [0, 13, 15],
			"to": [1, 14, 16],
			"rotation": {"angle": -22.5, "axis": "x", "origin": [0, 0, 0]},
			"faces": {
				"north": {"uv": [0, 9, 0.5, 9.5], "texture": "#0"},
				"east": {"uv": [0, 9, 0.5, 9.5], "texture": "#0"},
				"south": {"uv": [0, 9, 0.5, 9.5], "texture": "#0"},
				"west": {"uv": [0, 9, 0.5, 9.5], "texture": "#0"},
				"up": {"uv": [0, 9, 0.5, 9.5], "texture": "#0"},
				"down": {"uv": [0, 9, 0.5, 9.5], "texture": "#0"}
			}
		}
	],
	"display": {
		"thirdperson_righthand": {
			"scale": [0.7, 0.7, 0.7]
		},
		"thirdperson_lefthand": {
			"scale": [0.7, 0.7, 0.7]
		},
		"firstperson_righthand": {
			"scale": [0.7, 0.7, 0.7]
		},
		"firstperson_lefthand": {
			"scale": [0.7, 0.7, 0.7]
		},
		"ground": {
			"scale": [0.7, 0.7, 0.7]
		},
		"gui": {
			"rotation": [34, -132, 0],
			"translation": [0.5, -1, 0],
			"scale": [0.6, 0.6, 0.6]
		},
		"head": {
			"translation": [0, 14.5, -1]
		},
		"fixed": {
			"translation": [0, -1.75, -3]
		}
	}
}