{
  "_fv": 45,
  "_type": "item",
  "definition": {
    "renderType": 0,
    "texture": "momsbottleofpills",
    "customModelName": "Normal",
    "customProperties": {},
    "states": [],
    "name": "Mom's Bottle of Pills",
    "rarity": "COMMON",
    "creativeTab": {
      "value": "CUSTOM:Items"
    },
    "stackSize": 1,
    "enchantability": 0,
    "useDuration": 0,
    "toolType": 1.0,
    "damageCount": 0,
    "recipeRemainder": {
      "value": ""
    },
    "destroyAnyBlock": false,
    "immuneToFire": false,
    "stayInGridWhenCrafting": false,
    "damageOnCrafting": false,
    "enableMeleeDamage": false,
    "damageVsEntity": 0.0,
    "specialInfo": [
      "On use, gives you a random pill."
    ],
    "hasGlow": false,
    "guiBoundTo": "<NONE>",
    "inventorySize": 9,
    "inventoryStackSize": 64,
    "onRightClickedInAir": {
      "name": "MomsBottleOfPillsRightclicked"
    },
    "isFood": false,
    "nutritionalValue": 4,
    "saturation": 0.3,
    "eatResultItem": {
      "value": ""
    },
    "isMeat": false,
    "isAlwaysEdible": false,
    "animation": "eat"
  }
}