{
  "_fv": 28,
  "_type": "procedure",
  "definition": {
    "procedurexml": "<xml xmlns=\"https://developers.google.com/blockly/xml\"><block type=\"event_trigger\" deletable=\"false\" x=\"-203\" y=\"136\"><field name=\"trigger\">no_ext_trigger</field><next><block type=\"controls_if\"><value name=\"IF0\"><block type=\"logic_negate\"><value name=\"BOOL\"><block type=\"world_data_isremote\"></block></value></block></value><statement name=\"DO0\"><block type=\"controls_if\"><value name=\"IF0\"><block type=\"logic_negate\"><value name=\"BOOL\"><block type=\"entity_checkgamemode\"><field name=\"gamemode\">CREATIVE</field><value name=\"entity\"><block type=\"entity_from_deps\"></block></value></block></value></block></value><statement name=\"DO0\"><block type=\"entity_set_mainhand_item\"><value name=\"entity\"><block type=\"entity_from_deps\"></block></value><value name=\"amount\"><block type=\"math_number\"><field name=\"NUM\">1</field></block></value><value name=\"item\"><block type=\"mcitem_all\"><field name=\"value\">Blocks.AIR</field></block></value></block></statement><next><block type=\"entity_add_potion_advanced\"><field name=\"potion\">RESISTANCE</field><value name=\"level\"><block type=\"math_number\"><field name=\"NUM\">200</field></block></value><value name=\"duration\"><block type=\"math_number\"><field name=\"NUM\">60</field></block></value><value name=\"ambient\"><block type=\"logic_boolean\"><field name=\"BOOL\">FALSE</field></block></value><value name=\"particles\"><block type=\"logic_boolean\"><field name=\"BOOL\">FALSE</field></block></value><value name=\"entity\"><block type=\"entity_from_deps\"></block></value><next><block type=\"spawn_entity_with_rotation_velocity\"><field name=\"entity\">EntityRavager</field><value name=\"x\"><block type=\"coord_x\"></block></value><value name=\"y\"><block type=\"coord_y\"></block></value><value name=\"z\"><block type=\"coord_z\"></block></value><value name=\"yaw\"><block type=\"math_number\"><field name=\"NUM\">0</field></block></value><value name=\"pitch\"><block type=\"math_number\"><field name=\"NUM\">0</field></block></value><value name=\"vx\"><block type=\"math_number\"><field name=\"NUM\">0</field></block></value><value name=\"vy\"><block type=\"math_number\"><field name=\"NUM\">0</field></block></value><value name=\"vz\"><block type=\"math_number\"><field name=\"NUM\">0</field></block></value><next><block type=\"wait\"><value name=\"ticks\"><block type=\"math_number\"><field name=\"NUM\">10</field></block></value><statement name=\"do\"><block type=\"play_sound\"><field name=\"soundcategory\">voice</field><field name=\"sound\">CUSTOM:the_emperor</field><value name=\"x\"><block type=\"coord_x\"></block></value><value name=\"y\"><block type=\"coord_y\"></block></value><value name=\"z\"><block type=\"coord_z\"></block></value><value name=\"level\"><block type=\"math_number\"><field name=\"NUM\">1</field></block></value><value name=\"pitch\"><block type=\"math_number\"><field name=\"NUM\">1</field></block></value></block></statement></block></next></block></next></block></next></block></statement></block></next></block><block type=\"controls_if\" x=\"702\" y=\"730\"><mutation elseif=\"1\" else=\"1\"></mutation><value name=\"IF0\"><block type=\"compare_dimensionids\"><value name=\"a\"><block type=\"world_data_dimensionid\"></block></value><value name=\"b\"><block type=\"get_dimensionid\"><field name=\"dimension\">Nether</field></block></value></block></value><statement name=\"DO0\"><block type=\"spawn_entity_with_rotation_velocity\"><field name=\"entity\">EntityWither</field><value name=\"x\"><block type=\"coord_x\"></block></value><value name=\"y\"><block type=\"coord_y\"></block></value><value name=\"z\"><block type=\"coord_z\"></block></value><value name=\"yaw\"><block type=\"math_number\"><field name=\"NUM\">0</field></block></value><value name=\"pitch\"><block type=\"math_number\"><field name=\"NUM\">0</field></block></value><value name=\"vx\"><block type=\"math_number\"><field name=\"NUM\">0</field></block></value><value name=\"vy\"><block type=\"math_number\"><field name=\"NUM\">0</field></block></value><value name=\"vz\"><block type=\"math_number\"><field name=\"NUM\">0</field></block></value></block></statement><value name=\"IF1\"><block type=\"compare_dimensionids\"><value name=\"a\"><block type=\"world_data_dimensionid\"></block></value><value name=\"b\"><block type=\"get_dimensionid\"><field name=\"dimension\">End</field></block></value></block></value><statement name=\"DO1\"><block type=\"execute_command\"><value name=\"command\"><block type=\"text\"><field name=\"TEXT\">bossbar add minecraft:10 {\"text\":\"Ender Dragon\"}</field></block></value><value name=\"x\"><block type=\"coord_x\"></block></value><value name=\"y\"><block type=\"coord_y\"></block></value><value name=\"z\"><block type=\"coord_z\"></block></value><next><block type=\"execute_command\"><value name=\"command\"><block type=\"text\"><field name=\"TEXT\">bossbar set minecraft:10 players @a</field></block></value><value name=\"x\"><block type=\"coord_x\"></block></value><value name=\"y\"><block type=\"coord_y\"></block></value><value name=\"z\"><block type=\"coord_z\"></block></value><next><block type=\"execute_command\"><value name=\"command\"><block type=\"text\"><field name=\"TEXT\">bossbar set minecraft:10 max 200</field></block></value><value name=\"x\"><block type=\"coord_x\"></block></value><value name=\"y\"><block type=\"coord_y\"></block></value><value name=\"z\"><block type=\"coord_z\"></block></value><next><block type=\"execute_command\"><value name=\"command\"><block type=\"text\"><field name=\"TEXT\">bossbar set minecraft:10 visible true</field></block></value><value name=\"x\"><block type=\"coord_x\"></block></value><value name=\"y\"><block type=\"coord_y\"></block></value><value name=\"z\"><block type=\"coord_z\"></block></value><next><block type=\"execute_command\"><value name=\"command\"><block type=\"text\"><field name=\"TEXT\">execute store result bossbar minecraft:10 value run data get entity @e[type=ender_dragon,limit=1] Health</field></block></value><value name=\"x\"><block type=\"coord_x\"></block></value><value name=\"y\"><block type=\"coord_y\"></block></value><value name=\"z\"><block type=\"coord_z\"></block></value><next><block type=\"spawn_entity_with_rotation_velocity\"><field name=\"entity\">EntityDragon</field><value name=\"x\"><block type=\"coord_x\"></block></value><value name=\"y\"><block type=\"coord_y\"></block></value><value name=\"z\"><block type=\"coord_z\"></block></value><value name=\"yaw\"><block type=\"math_number\"><field name=\"NUM\">0</field></block></value><value name=\"pitch\"><block type=\"math_number\"><field name=\"NUM\">0</field></block></value><value name=\"vx\"><block type=\"math_number\"><field name=\"NUM\">0</field></block></value><value name=\"vy\"><block type=\"math_number\"><field name=\"NUM\">0</field></block></value><value name=\"vz\"><block type=\"math_number\"><field name=\"NUM\">0</field></block></value></block></next></block></next></block></next></block></next></block></next></block></statement></block></xml>"
  }
}