{
  "the_fool": {
    "category": "voice",
    "subtitle": "subtitles.the_fool",
    "sounds": [
      {
        "name": "tboi_suzu:thefool",
        "stream": false
      }
    ]
  },
  "the_high_priestess": {
    "category": "voice",
    "subtitle": "subtitles.the_high_priestess",
    "sounds": [
      {
        "name": "tboi_suzu:thehighpriestess",
        "stream": false
      }
    ]
  },
  "the_magician": {
    "category": "voice",
    "subtitle": "subtitles.the_magician",
    "sounds": [
      {
        "name": "tboi_suzu:themagician",
        "stream": false
      }
    ]
  },
  "the_empress": {
    "category": "voice",
    "subtitle": "subtitles.the_empress",
    "sounds": [
      {
        "name": "tboi_suzu:theempress",
        "stream": false
      }
    ]
  },
  "the_emperor": {
    "category": "voice",
    "subtitle": "subtitles.the_emperor",
    "sounds": [
      {
        "name": "tboi_suzu:theemperor",
        "stream": false
      }
    ]
  },
  "the_hierophant": {
    "category": "voice",
    "subtitle": "subtitles.the_hierophant",
    "sounds": [
      {
        "name": "tboi_suzu:thehierophant",
        "stream": false
      }
    ]
  },
  "the_lovers": {
    "category": "voice",
    "subtitle": "subtitles.the_lovers",
    "sounds": [
      {
        "name": "tboi_suzu:thelovers",
        "stream": false
      }
    ]
  },
  "the_chariot": {
    "category": "voice",
    "subtitle": "subtitles.the_chariot",
    "sounds": [
      {
        "name": "tboi_suzu:thechariot",
        "stream": false
      }
    ]
  },
  "justice": {
    "category": "voice",
    "subtitle": "subtitles.justice",
    "sounds": [
      {
        "name": "tboi_suzu:justice",
        "stream": false
      }
    ]
  },
  "the_hermit": {
    "category": "voice",
    "subtitle": "subtitles.the_hermit",
    "sounds": [
      {
        "name": "tboi_suzu:thehermit",
        "stream": false
      }
    ]
  },
  "wheel_of_fortune": {
    "category": "voice",
    "subtitle": "subtitles.wheel_of_fortune",
    "sounds": [
      {
        "name": "tboi_suzu:wheeloffortune",
        "stream": false
      }
    ]
  },
  "strength": {
    "category": "voice",
    "subtitle": "subtitles.strength",
    "sounds": [
      {
        "name": "tboi_suzu:strength",
        "stream": false
      }
    ]
  },
  "the_hanged_man": {
    "category": "voice",
    "subtitle": "subtitles.the_hanged_man",
    "sounds": [
      {
        "name": "tboi_suzu:thehangedman",
        "stream": false
      }
    ]
  },
  "death": {
    "category": "voice",
    "subtitle": "subtitles.death",
    "sounds": [
      {
        "name": "tboi_suzu:death",
        "stream": false
      }
    ]
  },
  "temperance": {
    "category": "voice",
    "subtitle": "subtitles.temperance",
    "sounds": [
      {
        "name": "tboi_suzu:temperance",
        "stream": false
      }
    ]
  },
  "the_devil": {
    "category": "player",
    "subtitle": "subtitles.the_devil",
    "sounds": [
      {
        "name": "tboi_suzu:thedevil",
        "stream": false
      }
    ]
  },
  "the_tower": {
    "category": "voice",
    "subtitle": "subtitles.the_tower",
    "sounds": [
      {
        "name": "tboi_suzu:thetower",
        "stream": false
      }
    ]
  },
  "the_stars": {
    "category": "voice",
    "subtitle": "subtitles.the_stars",
    "sounds": [
      {
        "name": "tboi_suzu:thestars",
        "stream": false
      }
    ]
  },
  "the_moon": {
    "category": "voice",
    "subtitle": "subtitles.the_moon",
    "sounds": [
      {
        "name": "tboi_suzu:themoon",
        "stream": false
      }
    ]
  },
  "the_sun": {
    "category": "voice",
    "subtitle": "subtitles.the_sun",
    "sounds": [
      {
        "name": "tboi_suzu:thesun",
        "stream": false
      }
    ]
  },
  "judgment": {
    "category": "voice",
    "subtitle": "subtitles.judgment",
    "sounds": [
      {
        "name": "tboi_suzu:judgment",
        "stream": false
      }
    ]
  },
  "the_world": {
    "category": "voice",
    "subtitle": "subtitles.the_world",
    "sounds": [
      {
        "name": "tboi_suzu:theworld",
        "stream": false
      }
    ]
  },
  "za_warudo": {
    "category": "voice",
    "subtitle": "subtitles.za_warudo",
    "sounds": [
      {
        "name": "tboi_suzu:za_warudo",
        "stream": false
      }
    ]
  },
  "gaper_sounds": {
    "category": "hostile",
    "subtitle": "subtitles.gaper_sounds",
    "sounds": [
      {
        "name": "tboi_suzu:rawr_gaper",
        "stream": false
      }
    ]
  },
  "red_heart": {
    "category": "player",
    "subtitle": "subtitles.red_heart",
    "sounds": [
      {
        "name": "tboi_suzu:red_heart",
        "stream": false
      }
    ]
  },
  "soul_heart": {
    "category": "neutral",
    "subtitle": "subtitles.soul_heart",
    "sounds": [
      {
        "name": "tboi_suzu:soul_heart",
        "stream": false
      }
    ]
  },
  "eternal_heart": {
    "category": "player",
    "subtitle": "subtitles.eternal_heart",
    "sounds": [
      {
        "name": "tboi_suzu:eternal_heart",
        "stream": false
      }
    ]
  },
  "bad_gas": {
    "category": "voice",
    "subtitle": "subtitles.bad_gas",
    "sounds": [
      {
        "name": "tboi_suzu:bad_gas",
        "stream": false
      }
    ]
  },
  "bad_trip": {
    "category": "voice",
    "subtitle": "subtitles.bad_trip",
    "sounds": [
      {
        "name": "tboi_suzu:bad_trip",
        "stream": false
      }
    ]
  },
  "balls_of_steel": {
    "category": "voice",
    "subtitle": "subtitles.balls_of_steel",
    "sounds": [
      {
        "name": "tboi_suzu:balls_of_steel",
        "stream": false
      }
    ]
  },
  "bombs_are_key": {
    "category": "voice",
    "subtitle": "subtitles.bombs_are_key",
    "sounds": [
      {
        "name": "tboi_suzu:bombs_are_key",
        "stream": false
      }
    ]
  },
  "explosive_diarrhea": {
    "category": "voice",
    "subtitle": "subtitles.explosive_diarrhea",
    "sounds": [
      {
        "name": "tboi_suzu:explosive_diahhrea",
        "stream": false
      }
    ]
  },
  "health_up": {
    "category": "voice",
    "subtitle": "subtitles.health_up",
    "sounds": [
      {
        "name": "tboi_suzu:health_up",
        "stream": false
      }
    ]
  },
  "full_health": {
    "category": "voice",
    "subtitle": "subtitles.full_health",
    "sounds": [
      {
        "name": "tboi_suzu:full_health",
        "stream": false
      }
    ]
  },
  "health_down": {
    "category": "voice",
    "subtitle": "subtitles.health_down",
    "sounds": [
      {
        "name": "tboi_suzu:health_down",
        "stream": false
      }
    ]
  },
  "i_found_pills": {
    "category": "voice",
    "subtitle": "subtitles.i_found_pills",
    "sounds": [
      {
        "name": "tboi_suzu:i_found_pills",
        "stream": false
      }
    ]
  },
  "puberty": {
    "category": "voice",
    "subtitle": "subtitles.puberty",
    "sounds": [
      {
        "name": "tboi_suzu:puberty",
        "stream": false
      }
    ]
  },
  "pretty_fly": {
    "category": "voice",
    "subtitle": "subtitles.pretty_fly",
    "sounds": [
      {
        "name": "tboi_suzu:pretty_fly",
        "stream": false
      }
    ]
  },
  "telepills": {
    "category": "voice",
    "subtitle": "subtitles.telepills",
    "sounds": [
      {
        "name": "tboi_suzu:telepills",
        "stream": false
      }
    ]
  },
  "energy48": {
    "category": "voice",
    "subtitle": "subtitles.energy48",
    "sounds": [
      {
        "name": "tboi_suzu:48_hr_energy",
        "stream": false
      }
    ]
  },
  "hematemesis": {
    "category": "voice",
    "subtitle": "subtitles.hematemesis",
    "sounds": [
      {
        "name": "tboi_suzu:hematemesis",
        "stream": false
      }
    ]
  },
  "paralysis": {
    "category": "voice",
    "subtitle": "subtitles.paralysis",
    "sounds": [
      {
        "name": "tboi_suzu:paralysis",
        "stream": false
      }
    ]
  },
  "amnesia": {
    "category": "voice",
    "subtitle": "subtitles.amnesia",
    "sounds": [
      {
        "name": "tboi_suzu:amnesia",
        "stream": false
      }
    ]
  },
  "chest_open": {
    "category": "block",
    "subtitle": "subtitles.chest_open",
    "sounds": [
      {
        "name": "tboi_suzu:chest_open",
        "stream": false
      }
    ]
  },
  "coin_slot": {
    "category": "block",
    "subtitle": "subtitles.coin_slot",
    "sounds": [
      {
        "name": "tboi_suzu:coin_slot",
        "stream": false
      }
    ]
  }
}