{
  "_fv": 34,
  "_type": "structure",
  "definition": {
    "structure": "angel_chest",
    "randomlyRotateStructure": true,
    "surfaceDetectionType": "First motion blocking block",
    "spawnProbability": 6250,
    "minCountPerChunk": 1,
    "maxCountPerChunk": 1,
    "spawnLocation": "Air",
    "spawnHeightOffset": 40,
    "spawnXOffset": 0,
    "spawnZOffset": 0,
    "spawnWorldTypes": [
      "End"
    ],
    "restrictionBlocks": [],
    "restrictionBiomes": [],
    "ignoreBlocks": "STRUCTURE_BLOCK"
  }
}