{
  "_fv": 34,
  "_type": "overlay",
  "definition": {
    "priority": "NORMAL",
    "components": [
      {
        "type": "image",
        "data": {
          "image": "soulheart_half.png",
          "use1Xscale": false,
          "displayCondition": {
            "name": "Soul1"
          },
          "name": "soulheart_half.png",
          "x": 191,
          "y": 4
        }
      },
      {
        "type": "image",
        "data": {
          "image": "soulheart_half.png",
          "use1Xscale": false,
          "displayCondition": {
            "name": "Soul3"
          },
          "name": "soulheart_half.png",
          "x": 200,
          "y": 4
        }
      },
      {
        "type": "image",
        "data": {
          "image": "soulheart_half.png",
          "use1Xscale": false,
          "displayCondition": {
            "name": "Soul5"
          },
          "name": "soulheart_half.png",
          "x": 209,
          "y": 4
        }
      },
      {
        "type": "image",
        "data": {
          "image": "soulheart_half.png",
          "use1Xscale": false,
          "displayCondition": {
            "name": "Soul7"
          },
          "name": "soulheart_half.png",
          "x": 218,
          "y": 4
        }
      },
      {
        "type": "image",
        "data": {
          "image": "soulheart_half.png",
          "use1Xscale": false,
          "displayCondition": {
            "name": "Soul9"
          },
          "name": "soulheart_half.png",
          "x": 227,
          "y": 4
        }
      },
      {
        "type": "image",
        "data": {
          "image": "soulheart.png",
          "use1Xscale": false,
          "displayCondition": {
            "name": "Soul10"
          },
          "name": "soulheart.png",
          "x": 227,
          "y": 4
        }
      },
      {
        "type": "image",
        "data": {
          "image": "soulheart.png",
          "use1Xscale": false,
          "displayCondition": {
            "name": "Soul8"
          },
          "name": "soulheart.png",
          "x": 218,
          "y": 4
        }
      },
      {
        "type": "image",
        "data": {
          "image": "soulheart.png",
          "use1Xscale": false,
          "displayCondition": {
            "name": "Soul6"
          },
          "name": "soulheart.png",
          "x": 209,
          "y": 4
        }
      },
      {
        "type": "image",
        "data": {
          "image": "soulheart.png",
          "use1Xscale": false,
          "displayCondition": {
            "name": "Soul4"
          },
          "name": "soulheart.png",
          "x": 200,
          "y": 4
        }
      },
      {
        "type": "image",
        "data": {
          "image": "soulheart.png",
          "use1Xscale": false,
          "displayCondition": {
            "name": "Soul2"
          },
          "name": "soulheart.png",
          "x": 191,
          "y": 4
        }
      },
      {
        "type": "image",
        "data": {
          "image": "darkheart_half.png",
          "use1Xscale": false,
          "displayCondition": {
            "name": "SoulN1"
          },
          "name": "darkheart_half.png",
          "x": 191,
          "y": 4
        }
      },
      {
        "type": "image",
        "data": {
          "image": "darkheart_half.png",
          "use1Xscale": false,
          "displayCondition": {
            "name": "SoulN3"
          },
          "name": "darkheart_half.png",
          "x": 200,
          "y": 4
        }
      },
      {
        "type": "image",
        "data": {
          "image": "darkheart_half.png",
          "use1Xscale": false,
          "displayCondition": {
            "name": "SoulN5"
          },
          "name": "darkheart_half.png",
          "x": 209,
          "y": 4
        }
      },
      {
        "type": "image",
        "data": {
          "image": "darkheart_half.png",
          "use1Xscale": false,
          "displayCondition": {
            "name": "SoulN7"
          },
          "name": "darkheart_half.png",
          "x": 218,
          "y": 4
        }
      },
      {
        "type": "image",
        "data": {
          "image": "darkheart_half.png",
          "use1Xscale": false,
          "displayCondition": {
            "name": "SoulN9"
          },
          "name": "darkheart_half.png",
          "x": 227,
          "y": 4
        }
      },
      {
        "type": "image",
        "data": {
          "image": "darkheart.png",
          "use1Xscale": false,
          "displayCondition": {
            "name": "SoulN2"
          },
          "name": "darkheart.png",
          "x": 191,
          "y": 4
        }
      },
      {
        "type": "image",
        "data": {
          "image": "darkheart.png",
          "use1Xscale": false,
          "displayCondition": {
            "name": "SoulN4"
          },
          "name": "darkheart.png",
          "x": 200,
          "y": 4
        }
      },
      {
        "type": "image",
        "data": {
          "image": "darkheart.png",
          "use1Xscale": false,
          "displayCondition": {
            "name": "SoulN6"
          },
          "name": "darkheart.png",
          "x": 209,
          "y": 4
        }
      },
      {
        "type": "image",
        "data": {
          "image": "darkheart.png",
          "use1Xscale": false,
          "displayCondition": {
            "name": "SoulN8"
          },
          "name": "darkheart.png",
          "x": 218,
          "y": 4
        }
      },
      {
        "type": "image",
        "data": {
          "image": "darkheart.png",
          "use1Xscale": false,
          "displayCondition": {
            "name": "SoulN10"
          },
          "name": "darkheart.png",
          "x": 227,
          "y": 4
        }
      }
    ],
    "baseTexture": "",
    "overlayTarget": "Ingame",
    "gridSettings": {
      "sx": 18,
      "sy": 18,
      "ox": 11,
      "oy": 15,
      "snapOnGrid": false
    }
  }
}