{
  "_fv": 43,
  "_type": "rangeditem",
  "definition": {
    "renderType": 0,
    "texture": "isaactear",
    "customModelName": "Normal",
    "name": "Tear",
    "specialInfo": [],
    "creativeTab": {
      "value": "COMBAT"
    },
    "stackSize": 64,
    "ammoItem": {
      "value": "CUSTOM:TearProjectile"
    },
    "shootConstantly": true,
    "usageCount": 100,
    "actionSound": {
      "value": "entity.arrow.shoot"
    },
    "hasGlow": false,
    "animation": "none",
    "enableMeleeDamage": false,
    "damageVsEntity": 0.0,
    "bulletPower": 1.0,
    "bulletDamage": 1.5,
    "bulletKnockback": 0,
    "bulletParticles": false,
    "bulletIgnitesFire": false,
    "bulletItemTexture": {
      "value": "CUSTOM:TearProjectile"
    },
    "bulletModel": "Default",
    "customBulletModelTexture": ""
  }
}